Workbook

Sheet power query data 1
A1: instant | B1: dteday | C1: season | D1: yr | E1: mnth | F1: hr | G1: holiday | H1: weekday | I1: workingday | J1: weathersit | K1: temp
A2: 1 | B2: 40544 | C2: 1 | D2: 0 | E2: 1 | F2: 0 | G2: 0 | H2: 6 | I2: 0 | J2: 1 | K2: 0.24
A3: 2 | B3: 40544 | C3: 1 | D3: 0 | E3: 1 | F3: 1 | G3: 0 | H3: 6 | I3: 0 | J3: 1 | K3: 0.22
A4: 3 | B4: 40544 | C4: 1 | D4: 0 | E4: 1 | F4: 2 | G4: 0 | H4: 6 | I4: 0 | J4: 1 | K4: 0.22 | L4: Q1 | M4: How many rows are there for there wheathersit value?
A5: 4 | B5: 40544 | C5: 1 | D5: 0 | E5: 1 | F5: 3 | G5: 0 | H5: 6 | I5: 0 | J5: 1 | K5: 0.24 | M5: =SUM(J2:J611) -> 901
A6: 5 | B6: 40544 | C6: 1 | D6: 0 | E6: 1 | F6: 4 | G6: 0 | H6: 6 | I6: 0 | J6: 1 | K6: 0.24 | L6: Q2 | M6: What are the max temprature?
A7: 6 | B7: 40544 | C7: 1 | D7: 0 | E7: 1 | F7: 5 | G7: 0 | H7: 6 | I7: 0 | J7: 2 | K7: 0.24 | M7: =MAX(K2:K611) -> 0.46
A8: 7 | B8: 40544 | C8: 1 | D8: 0 | E8: 1 | F8: 6 | G8: 0 | H8: 6 | I8: 0 | J8: 1 | K8: 0.22 | L8: Q3 | M8: what are the min temprature?
A9: 8 | B9: 40544 | C9: 1 | D9: 0 | E9: 1 | F9: 7 | G9: 0 | H9: 6 | I9: 0 | J9: 1 | K9: 0.2 | M9: =MIN(K2:K611) -> 0.02
A10: 9 | B10: 40544 | C10: 1 | D10: 0 | E10: 1 | F10: 8 | G10: 0 | H10: 6 | I10: 0 | J10: 1 | K10: 0.24 | L10: Q4 | M10: What is the avg temp? | N10: =AVERAGE(K2:K611) -> 0.19688525
A11: 10 | B11: 40544 | C11: 1 | D11: 0 | E11: 1 | F11: 9 | G11: 0 | H11: 6 | I11: 0 | J11: 1 | K11: 0.32 | L11: Q5 | M11: How many week day are there up to 6 | N11: =IF(H2>6, "woking day") -> FALSE
A12: 11 | B12: 40544 | C12: 1 | D12: 0 | E12: 1 | F12: 10 | G12: 0 | H12: 6 | I12: 0 | J12: 1 | K12: 0.38 | L12: Q6 | M12: count total 6 week days | N12: =COUNTIF(H2:H611,"6") -> 95
A13: 12 | B13: 40544 | C13: 1 | D13: 0 | E13: 1 | F13: 11 | G13: 0 | H13: 6 | I13: 0 | J13: 1 | K13: 0.36 | L13: Q7 | M13: count total working day | N13: =COUNT(I2:I611) -> 610
A14: 13 | B14: 40544 | C14: 1 | D14: 0 | E14: 1 | F14: 12 | G14: 0 | H14: 6 | I14: 0 | J14: 1 | K14: 0.42 | L14: Q8 | M14: What is the avg of week day | N14: =AVERAGE(H2:H611) -> 2.9770492
A15: 14 | B15: 40544 | C15: 1 | D15: 0 | E15: 1 | F15: 13 | G15: 0 | H15: 6 | I15: 0 | J15: 2 | K15: 0.46 | L15: Q9 | M15: How many dates are there | N15: =COUNT(B2:B611) -> 610
A16: 15 | B16: 40544 | C16: 1 | D16: 0 | E16: 1 | F16: 14 | G16: 0 | H16: 6 | I16: 0 | J16: 2 | K16: 0.46
A17: 16 | B17: 40544 | C17: 1 | D17: 0 | E17: 1 | F17: 15 | G17: 0 | H17: 6 | I17: 0 | J17: 2 | K17: 0.44
A18: 17 | B18: 40544 | C18: 1 | D18: 0 | E18: 1 | F18: 16 | G18: 0 | H18: 6 | I18: 0 | J18: 2 | K18: 0.42
A19: 18 | B19: 40544 | C19: 1 | D19: 0 | E19: 1 | F19: 17 | G19: 0 | H19: 6 | I19: 0 | J19: 2 | K19: 0.44
A20: 19 | B20: 40544 | C20: 1 | D20: 0 | E20: 1 | F20: 18 | G20: 0 | H20: 6 | I20: 0 | J20: 3 | K20: 0.42
A21: 20 | B21: 40544 | C21: 1 | D21: 0 | E21: 1 | F21: 19 | G21: 0 | H21: 6 | I21: 0 | J21: 3 | K21: 0.42
A22: 21 | B22: 40544 | C22: 1 | D22: 0 | E22: 1 | F22: 20 | G22: 0 | H22: 6 | I22: 0 | J22: 2 | K22: 0.4
A23: 22 | B23: 40544 | C23: 1 | D23: 0 | E23: 1 | F23: 21 | G23: 0 | H23: 6 | I23: 0 | J23: 2 | K23: 0.4
A24: 23 | B24: 40544 | C24: 1 | D24: 0 | E24: 1 | F24: 22 | G24: 0 | H24: 6 | I24: 0 | J24: 2 | K24: 0.4
A25: 24 | B25: 40544 | C25: 1 | D25: 0 | E25: 1 | F25: 23 | G25: 0 | H25: 6 | I25: 0 | J25: 2 | K25: 0.46
A26: 25 | B26: 40545 | C26: 1 | D26: 0 | E26: 1 | F26: 0 | G26: 0 | H26: 0 | I26: 0 | J26: 2 | K26: 0.46
A27: 26 | B27: 40545 | C27: 1 | D27: 0 | E27: 1 | F27: 1 | G27: 0 | H27: 0 | I27: 0 | J27: 2 | K27: 0.44
... A611: 610 | B611: 40571 | C611: 1 | D611: 0 | E611: 1 | F611: 15 | G611: 0 | H611: 5 | I611: 1 | J611: 2 | K611: 0.2

Sheet project query data 2
A1: instant | B1: atemp | C1: hum | D1: windspeed | E1: casual | F1: registered | G1: cnt | H1: atemp_imputed
A2: 1 | B2: 0.2879 | C2: 0.81 | D2: 0.0 | E2: 3 | F2: 13 | G2: 16 | H2: False
A3: 2 | B3: 0.2727 | C3: 0.8 | D3: 0.0 | E3: 8 | F3: 32 | G3: 40 | H3: False
A4: 3 | B4: 0.2727 | C4: 0.8 | D4: 0.0 | E4: 5 | F4: 27 | G4: 32 | H4: False
A5: 4 | B5: 0.2879 | C5: 0.75 | D5: 0.0 | E5: 3 | F5: 10 | G5: 13 | H5: False
A6: 5 | B6: 0.2879 | C6: 0.75 | D6: 0.0 | E6: 0 | F6: 1 | G6: 1 | H6: False
A7: 6 | B7: 0.2576 | C7: 0.75 | D7: 0.0896 | E7: 0 | F7: 1 | G7: 1 | H7: False
A8: 7 | B8: 0.2727 | C8: 0.8 | D8: 0.0 | E8: 2 | F8: 0 | G8: 2 | H8: False
A9: 8 | B9: 0.2576 | C9: 0.86 | D9: 0.0 | E9: 1 | F9: 2 | G9: 3 | H9: False
A10: 9 | B10: 0.303 | C10: 0.75 | D10: 0.0 | E10: 1 | F10: 7 | G10: 8 | H10: True
A11: 10 | B11: 0.3485 | C11: 0.76 | D11: 0.0 | E11: 8 | F11: 6 | G11: 14 | H11: False
A12: 11 | B12: 0.3939 | C12: 0.76 | D12: 0.2537 | E12: 12 | F12: 24 | G12: 36 | H12: False
... A611: 610 | B611: 0.2576 | C611: 0.86 | D611: 0.0 | E611: 1 | F611: 40 | G611: 41 | H611: False

Sheet project power query3
A1: instant | B1: dteday | C1: season | D1: yr | E1: mnth | F1: hr | G1: holiday | H1: weekday | I1: weathersit | J1: temp | K1: atemp | L1: hum | M1: windspeed | N1: casual | O1: registered | P1: cnt
A2: 611 | B2: 40571 | C2: 1 | D2: 0 | E2: 1 | F2: 16 | G2: 0 | H2: 5 | I2: 1 | J2: 0.22 | K2: 0.2727 | L2: 0.8 | M2: 0 | N2: 10 | O2: 70 | P2: 80
A3: 612 | B3: 40571 | C3: 1 | D3: 0 | E3: 1 | F3: 17 | G3: 0 | H3: 5 | I3: 1 | J3: 0.24 | K3: 0.2424 | L3: 0.75 | M3: 0.1343 | N3: 2 | O3: 147 | P3: 149
A4: 613 | B4: 40571 | C4: 1 | D4: 0 | E4: 1 | F4: 18 | G4: 0 | H4: 5 | I4: 1 | J4: 0.24 | K4: 0.2273 | L4: 0.75 | M4: 0.194 | N4: 2 | O4: 107 | P4: 109
A5: 614 | B5: 40571 | C5: 1 | D5: 0 | E5: 1 | F5: 19 | G5: 0 | H5: 5 | I5: 2 | J5: 0.24 | K5: 0.2424 | L5: 0.75 | M5: 0.1343 | N5: 5 | O5: 84 | P5: 89
A6: 615 | B6: 40571 | C6: 1 | D6: 0 | E6: 1 | F6: 20 | G6: 0 | H6: 5 | I6: 2 | J6: 0.24 | K6: 0.2273 | L6: 0.7 | M6: 0.194 | N6: 1 | O6: 61 | P6: 62 | R6: weather sit
A7: 616 | B7: 40571 | C7: 1 | D7: 0 | E7: 1 | F7: 21 | G7: 0 | H7: 5 | I7: 2 | J7: 0.22 | K7: 0.2273 | L7: 0.75 | M7: 0.1343 | N7: 1 | O7: 57 | P7: 58 | R7: 2 | S7: =COUNTIF(I2:I1001,"2") -> 115
A8: 617 | B8: 40571 | C8: 1 | D8: 0 | E8: 1 | F8: 22 | G8: 0 | H8: 5 | I8: 1 | J8: 0.24 | K8: 0.2121 | L8: 0.65 | M8: 0.3582 | N8: 0 | O8: 26 | P8: 26 | R8: 1 | S8: =COUNTIF(I2:I1001,"1") -> 238
A9: 618 | B9: 40571 | C9: 1 | D9: 0 | E9: 1 | F9: 23 | G9: 0 | H9: 5 | I9: 1 | J9: 0.24 | K9: 0.2273 | L9: 0.6 | M9: 0.2239 | N9: 1 | O9: 22 | P9: 23 | R9: 3 | S9: =COUNTIF(I2:I1001,"3") -> 37
A10: 619 | B10: 40572 | C10: 1 | D10: 0 | E10: 1 | F10: 0 | G10: 0 | H10: 6 | I10: 1 | J10: 0.22 | K10: 0.197 | L10: 0.64 | M10: 0.3582 | N10: 2 | O10: 26 | P10: 28
A11: 620 | B11: 40572 | C11: 1 | D11: 0 | E11: 1 | F11: 1 | G11: 0 | H11: 6 | I11: 1 | J11: 0.22 | K11: 0.2273 | L11: 0.64 | M11: 0.194 | N11: 0 | O11: 20 | P11: 20 | R11: weekdays
A12: 621 | B12: 40572 | C12: 1 | D12: 0 | E12: 1 | F12: 2 | G12: 0 | H12: 6 | I12: 1 | J12: 0.22 | K12: 0.2273 | L12: 0.64 | M12: 0.1642 | N12: 0 | O12: 15 | P12: 15 | R12: 5 | S12: =COUNTIF(H2:H1001,"5") -> 53
A13: 622 | B13: 40572 | C13: 1 | D13: 0 | E13: 1 | F13: 3 | G13: 0 | H13: 6 | I13: 1 | J13: 0.2 | K13: 0.2121 | L13: 0.64 | M13: 0.1343 | N13: 3 | O13: 5 | P13: 8 | R13: 6 | S13: =COUNTIF(H2:H1001,"6") -> 71
A14: 623 | B14: 40572 | C14: 1 | D14: 0 | E14: 1 | F14: 4 | G14: 0 | H14: 6 | I14: 1 | J14: 0.16 | K14: 0.1818 | L14: 0.69 | M14: 0.1045 | N14: 1 | O14: 2 | P14: 3
A15: 624 | B15: 40572 | C15: 1 | D15: 0 | E15: 1 | F15: 6 | G15: 0 | H15: 6 | I15: 1 | J15: 0.16 | K15: 0.1818 | L15: 0.64 | M15: 0.1343 | N15: 0 | O15: 2 | P15: 2 | R15: Month
A16: 625 | B16: 40572 | C16: 1 | D16: 0 | E16: 1 | F16: 7 | G16: 0 | H16: 6 | I16: 1 | J16: 0.16 | K16: 0.1818 | L16: 0.59 | M16: 0.1045 | N16: 1 | O16: 4 | P16: 5 | R16: 1 | S16: =COUNTIF(E2:E1001,"1") -> 78
A17: 626 | B17: 40572 | C17: 1 | D17: 0 | E17: 1 | F17: 8 | G17: 0 | H17: 6 | I17: 1 | J17: 0.18 | K17: 0.197 | L17: 0.55 | M17: 0.1642 | N17: 3 | O17: 31 | P17: 34 | R17: 2 | S17: =COUNTIF(E2:E1001,"2") -> 312
A18: 627 | B18: 40572 | C18: 1 | D18: 0 | E18: 1 | F18: 9 | G18: 0 | H18: 6 | I18: 1 | J18: 0.18 | K18: 0.2121 | L18: 0.59 | M18: 0.0896 | N18: 0 | O18: 34 | P18: 34
A19: 628 | B19: 40572 | C19: 1 | D19: 0 | E19: 1 | F19: 10 | G19: 0 | H19: 6 | I19: 2 | J19: 0.18 | K19: 0.2121 | L19: 0.64 | M19: 0.1045 | N19: 4 | O19: 51 | P19: 55
A20: 629 | B20: 40572 | C20: 1 | D20: 0 | E20: 1 | F20: 11 | G20: 0 | H20: 6 | I20: 2 | J20: 0.18 | K20: 0.197 | L20: 0.64 | M20: 0.1343 | N20: 4 | O20: 60 | P20: 64
A21: 630 | B21: 40572 | C21: 1 | D21: 0 | E21: 1 | F21: 12 | G21: 0 | H21: 6 | I21: 2 | J21: 0.2 | K21: 0.197 | L21: 0.59 | M21: 0.194 | N21: 12 | O21: 66 | P21: 78
A22: 631 | B22: 40572 | C22: 1 | D22: 0 | E22: 1 | F22: 13 | G22: 0 | H22: 6 | I22: 2 | J22: 0.22 | K22: 0.2273 | L22: 0.55 | M22: 0.1642 | N22: 9 | O22: 56 | P22: 65
A23: 632 | B23: 40572 | C23: 1 | D23: 0 | E23: 1 | F23: 14 | G23: 0 | H23: 6 | I23: 2 | J23: 0.22 | K23: 0.2273 | L23: 0.6 | M23: 0.1343 | N23: 10 | O23: 89 | P23: 99
A24: 633 | B24: 40572 | C24: 1 | D24: 0 | E24: 1 | F24: 15 | G24: 0 | H24: 6 | I24: 1 | J24: 0.22 | K24: 0.2121 | L24: 0.69 | M24: 0.2537 | N24: 22 | O24: 98 | P24: 120
A25: 634 | B25: 40572 | C25: 1 | D25: 0 | E25: 1 | F25: 16 | G25: 0 | H25: 6 | I25: 1 | J25: 0.24 | K25: 0.2424 | L25: 0.6 | M25: 0.1642 | N25: 19 | O25: 88 | P25: 107
A26: 635 | B26: 40572 | C26: 1 | D26: 0 | E26: 1 | F26: 17 | G26: 0 | H26: 6 | I26: 1 | J26: 0.24 | K26: 0.2879 | L26: 0.6 | M26: 0 | N26: 9 | O26: 82 | P26: 91
A27: 636 | B27: 40572 | C27: 1 | D27: 0 | E27: 1 | F27: 18 | G27: 0 | H27: 6 | I27: 1 | J27: 0.22 | K27: 0.2273 | L27: 0.69 | M27: 0.1343 | N27: 9 | O27: 59 | P27: 68
A28: 637 | B28: 40572 | C28: 1 | D28: 0 | E28: 1 | F28: 19 | G28: 0 | H28: 6 | I28: 2 | J28: 0.22 | K28: 0.2121 | L28: 0.69 | M28: 0.2537 | N28: 6 | O28: 52 | P28: 58
A29: 638 | B29: 40572 | C29: 1 | D29: 0 | E29: 1 | F29: 20 | G29: 0 | H29: 6 | I29: 1 | J29: 0.18 | K29: 0.2121 | L29: 0.74 | M29: 0.0896 | N29: 1 | O29: 42 | P29: 43
... A391: 1000 | B391: 40588 | C391: 1 | D391: 0 | E391: 2 | F391: 7 | G391: 0 | H391: 1 | I391: 1 | J391: 0.34 | K391: 0.303 | L391: 0.46 | M391: 0.2985 | N391: 2 | O391: 96 | P391: 98

Sheet Chart and Analysis
E2: ANALYSIS BY TIME
D4: Rental by hour | H4: Weekday and Working day
K5: Working day nd weather
B21: Working Days /Non working days
G22: Register vs total by season
K23: Total riders by date
G38: Total riders vs temp.
K40: Temprature vs year
B52: Total riders vs total register

Sheet pivot table analysis
A3: Row Labels | B3: Sum of workingday | C3: Sum of weekday | E3: Row Labels | F3: Sum of casual | G3: Sum of cnt | H3: Sum of registered | J3: Row Labels | K3: Sum of registered | L3: Sum of cnt | M3: Sum of casual | O3: Row Labels | P3: Sum of cnt
A4: 0 | B4: 28 | C4: 127 | E4: 0 | F4: 74 | G4: 703 | H4: 629 | J4: 0 | K4: 14050 | L4: 16869 | M4: 2819 | O4: 2-Jan | P4: 801
A5: 1 | B5: 28 | C5: 127 | E5: 1 | F5: 48 | G5: 460 | H5: 412 | J5: 1 | K5: 39333 | L5: 41435 | M5: 2102 | O5: 4-Jan | P5: 1562
A6: 2 | B6: 26 | C6: 125 | E6: 2 | F6: 33 | G6: 294 | H6: 261 | J6: Grand Total | K6: 53383 | L6: 58304 | M6: 4921 | O6: Grand Total | P6: 2363
A7: 3 | B7: 16 | C7: 90 | E7: 3 | F7: 34 | G7: 151 | H7: 117
A8: 4 | B8: 18 | C8: 90 | E8: 4 | F8: 7 | G8: 69 | H8: 62
A9: 5 | B9: 28 | C9: 115 | E9: 5 | F9: 3 | G9: 164 | H9: 161
A10: 6 | B10: 28 | C10: 127 | E10: 6 | F10: 21 | G10: 822 | H10: 801 | J10: Sum of weathersit | K10: Column Labels
A11: 7 | B11: 28 | C11: 127 | E11: 7 | F11: 64 | G11: 2339 | H11: 2275 | J11: Row Labels | K11: 0 | L11: 1 | M11: Grand Total
A12: 8 | B12: 27 | C12: 126 | E12: 8 | F12: 127 | G12: 5388 | H12: 5261 | J12: Jan | K12: 379 | L12: 634 | M12: 1013
A13: 9 | B13: 27 | C13: 126 | E13: 9 | F13: 172 | G13: 3672 | H13: 3500 | J13: Feb | K13: 138 | L13: 328 | M13: 466
A14: 10 | B14: 27 | C14: 126 | E14: 10 | F14: 216 | G14: 2253 | H14: 2037 | J14: Grand Total | K14: 517 | L14: 962 | M14: 1479
A15: 11 | B15: 27 | C15: 126 | E15: 11 | F15: 367 | G15: 2494 | H15: 2127
A16: 12 | B16: 28 | C16: 128 | E16: 12 | F16: 482 | G16: 3283 | H16: 2801
A17: 13 | B17: 28 | C17: 128 | E17: 13 | F17: 513 | G17: 3376 | H17: 2863 | J17: Sum of hr | K17: Sum of season | L17: Sum of registered | M17: Sum of cnt
A18: 14 | B18: 28 | C18: 128 | E18: 14 | F18: 466 | G18: 3200 | H18: 2734 | J18: 11753 | K18: 610 | L18: 53383 | M18: 58304
A19: 15 | B19: 28 | C19: 128 | E19: 15 | F19: 536 | G19: 3352 | H19: 2816
A20: 16 | B20: 29 | C20: 132 | E20: 16 | F20: 493 | G20: 3928 | H20: 3435 | J20: Season | K20: season Name
A21: 17 | B21: 29 | C21: 132 | E21: 17 | F21: 395 | G21: 6169 | H21: 5774 | J21: 1 | K21: Spring | M21: Row Labels | N21: Sum of Casul customer | O21: Sum of Register
A22: 18 | B22: 28 | C22: 129 | E22: 18 | F22: 222 | G22: 5283 | H22: 5061 | J22: 2 | K22: Summer | M22: 249 | N22: 62 | O22: 247
A23: 19 | B23: 28 | C23: 129 | E23: 19 | F23: 187 | G23: 3661 | H23: 3474 | J23: 3 | K23: Fall | M23: Grand Total | N23: 62 | O23: 247
A24: 20 | B24: 28 | C24: 129 | E24: 20 | F24: 140 | G24: 2656 | H24: 2516 | J24: 4 | K24: Winter
A25: 21 | B25: 28 | C25: 129 | E25: 21 | F25: 117 | G25: 1996 | H25: 1879
A26: 22 | B26: 28 | C26: 129 | E26: 22 | F26: 103 | G26: 1508 | H26: 1405 | M26: Row Labels | N26: Sum of Total no of sesaon
A27: 23 | B27: 28 | C27: 129 | E27: 23 | F27: 101 | G27: 1083 | H27: 982 | J27: Total rides | K27: Casual rides | L27: Register riders | M27: 11 | N27: 1
A28: Grand Total | B28: 646 | C28: 2982 | E28: Grand Total | F28: 4921 | G28: 58304 | H28: 53383 | J28: 58304 | K28: 4921 | L28: 53383 | M28: 29 | N28: 46
M29: 30 | N29: 190
M30: 48 | N30: 362
M31: Grand Total | N31: 599

Sheet kpi chart1
F1: KPI ANALYSIS

Sheet dashboard
I2: Data analytic dash board
I5: Bike sharing Analysis
B7: Total rides | C7: Casual rides | D7: Register riders | G7: Humidity | H7: min | I7: =MIN('data set merge final'!M2:M1001) -> 0.21 | K7: Hour | L7: total | M7: =SUM('data set merge final'!F2:F1001) -> 11753 | P7: Casul customer | Q7: Register | R7: Total count
B8: 58304 | C8: 4921 | D8: 53383 | H8: max | I8: =MAX('data set merge final'!M2:M1001) -> 1 | L8: avg | M8: =AVERAGE('data set merge final'!F2:F1001) -> 11.753 | O8: MAX | P8: =MAX('data set merge final'!O2:O1001) -> 62 | Q8: =MAX('data set merge final'!P2:P1001) -> 247 | R8: =MAX('data set merge final'!Q2:Q1001) -> 249
H9: Avg | I9: =AVERAGE('data set merge final'!M2:M1001) -> 0.58248 | L9: max | M9: =MAX('data set merge final'!F2:F1001) -> 23
P10: Casul customer | Q10: Register | R10: Total count
B11: How many rainy day count | C11: =COUNTIF('data set merge final'!J2:J1001,"3") -> 84 | G11: Windspeed | H11: min | I11: =MIN('data set merge final'!N2:N1001) -> 0 | O11: Min | P11: =MIN('data set merge final'!O2:O1001) -> 0 | Q11: =MIN('data set merge final'!P2:P1001) -> 0 | R11: =MIN('data set merge final'!Q2:Q1001) -> 1
B12: Atmosphere less then 0.5 | C12: =COUNTIF('data set merge final'!L2:L1001,">0.5") -> 0 | E12: Working day | F12: =COUNTIF('data set merge final'!I2:I1001,"0") -> 354 | H12: max | I12: =MAX('data set merge final'!N2:N1001) -> 0.5821 | L12: Casul customer | M12: Register | N12: Total count
B13: total year of 2011 | C13: =COUNTIF('data set merge final'!D2:D1001,"0") -> 1000 | E13: How many total weekends | F13: =COUNTIF('data set merge final'!H2:H1001,"6") -> 166 | H13: avg | I13: =AVERAGE('data set merge final'!N2:N1001) -> 0.19512643 | K13: Avg | L13: =AVERAGE('data set merge final'!O2:O1001) -> 4.921 | M13: =AVERAGE('data set merge final'!P2:P1001) -> 53.383 | N13: =AVERAGE('data set merge final'!Q2:Q1001) -> 58.304 | Q13: Casul customer | R13: Register | S13: Total count
P14: Total | Q14: =SUM('data set merge final'!O2:O1001) -> 4921 | R14: =SUM('data set merge final'!P2:P1001) -> 53383 | S14: =SUM('data set merge final'!Q2:Q1001) -> 58304
B15: min temperature | C15: =MIN('data set merge final'!K2:K1001) -> 0.02
B16: Max temperature | C16: =MAX('data set merge final'!K2:K1001) -> 0.46
B17: Average temp. | C17: =AVERAGE('data set merge final'!K2:K1001) -> 0.2059

Sheet data setA
A1: instant | B1: dteday | C1: season | D1: yr | E1: mnth | F1: hr | G1: holiday | H1: weekday | I1: weathersit | J1: temp | K1: dataset_2.instant | L1: dataset_2.atemp | M1: dataset_2.hum | N1: dataset_2.windspeed | O1: dataset_2.casual | P1: dataset_2.registered | Q1: dataset_2.cnt
A2: 1 | B2: 40544 | C2: 1 | D2: 0 | E2: 1 | F2: 0 | G2: FALSE | H2: 6 | I2: 1 | J2: 0.24 | K2: 1 | L2: 0.2879 | M2: 0.81 | N2: 0 | O2: 3 | P2: 13 | Q2: 16
A3: 2 | B3: 40544 | C3: 1 | D3: 0 | E3: 1 | F3: 1 | G3: FALSE | H3: 6 | I3: 1 | J3: 0.22 | K3: 2 | L3: 0.2727 | M3: 0.8 | N3: 0 | O3: 8 | P3: 32 | Q3: 40
A4: 3 | B4: 40544 | C4: 1 | D4: 0 | E4: 1 | F4: 2 | G4: FALSE | H4: 6 | I4: 1 | J4: 0.22 | K4: 3 | L4: 0.2727 | M4: 0.8 | N4: 0 | O4: 5 | P4: 27 | Q4: 32
A5: 4 | B5: 40544 | C5: 1 | D5: 0 | E5: 1 | F5: 3 | G5: FALSE | H5: 6 | I5: 1 | J5: 0.24 | K5: 4 | L5: 0.2879 | M5: 0.75 | N5: 0 | O5: 3 | P5: 10 | Q5: 13
A6: 5 | B6: 40544 | C6: 1 | D6: 0 | E6: 1 | F6: 4 | G6: FALSE | H6: 6 | I6: 1 | J6: 0.24 | K6: 5 | L6: 0.2879 | M6: 0.75 | N6: 0 | O6: 0 | P6: 1 | Q6: 1
A7: 6 | B7: 40544 | C7: 1 | D7: 0 | E7: 1 | F7: 5 | G7: FALSE | H7: 6 | I7: 2 | J7: 0.24 | K7: 6 | L7: 0.2576 | M7: 0.75 | N7: 0.0896 | O7: 0 | P7: 1 | Q7: 1
A8: 7 | B8: 40544 | C8: 1 | D8: 0 | E8: 1 | F8: 6 | G8: FALSE | H8: 6 | I8: 1 | J8: 0.22 | K8: 7 | L8: 0.2727 | M8: 0.8 | N8: 0 | O8: 2 | P8: 0 | Q8: 2
A9: 8 | B9: 40544 | C9: 1 | D9: 0 | E9: 1 | F9: 7 | G9: FALSE | H9: 6 | I9: 1 | J9: 0.2 | K9: 8 | L9: 0.2576 | M9: 0.86 | N9: 0 | O9: 1 | P9: 2 | Q9: 3
A10: 10 | B10: 40544 | C10: 1 | D10: 0 | E10: 1 | F10: 9 | G10: FALSE | H10: 6 | I10: 1 | J10: 0.32 | K10: 10 | L10: 0.3485 | M10: 0.76 | N10: 0 | O10: 8 | P10: 6 | Q10: 14
A11: 11 | B11: 40544 | C11: 1 | D11: 0 | E11: 1 | F11: 10 | G11: FALSE | H11: 6 | I11: 1 | J11: 0.38 | K11: 11 | L11: 0.3939 | M11: 0.76 | N11: 0.2537 | O11: 12 | P11: 24 | Q11: 36
A12: 12 | B12: 40544 | C12: 1 | D12: 0 | E12: 1 | F12: 11 | G12: FALSE | H12: 6 | I12: 1 | J12: 0.36 | K12: 12 | L12: 0.3333 | M12: 0.81 | N12: 0.2836 | O12: 26 | P12: 30 | Q12: 56
A13: 13 | B13: 40544 | C13: 1 | D13: 0 | E13: 1 | F13: 12 | G13: FALSE | H13: 6 | I13: 1 | J13: 0.42 | K13: 13 | L13: 0.4242 | M13: 0.77 | N13: 0.2836 | O13: 29 | P13: 55 | Q13: 84
A14: 14 | B14: 40544 | C14: 1 | D14: 0 | E14: 1 | F14: 13 | G14: FALSE | H14: 6 | I14: 2 | J14: 0.46 | K14: 14 | L14: 0.4545 | M14: 0.72 | N14: 0.2985 | O14: 47 | P14: 47 | Q14: 94 | T14: riders according sesason | U14: Total no of sesaon
A15: 15 | B15: 40544 | C15: 1 | D15: 0 | E15: 1 | F15: 14 | G15: FALSE | H15: 6 | I15: 2 | J15: 0.46 | K15: 15 | L15: 0.4545 | M15: 0.72 | N15: 0.2836 | O15: 35 | P15: 71 | Q15: 106 | S15: 1 | T15: =SUMIF(Q2:Q1001,"1",I2:I1001) -> 48 | U15: =COUNTIF(I2:I1001,"1") -> 362
A16: 16 | B16: 40544 | C16: 1 | D16: 0 | E16: 1 | F16: 15 | G16: FALSE | H16: 6 | I16: 2 | J16: 0.44 | K16: 16 | L16: 0.4394 | M16: 0.77 | N16: 0.2985 | O16: 40 | P16: 70 | Q16: 110 | S16: 2 | T16: =SUMIF(Q2:Q1001,"2",I2:I1001) -> 30 | U16: =COUNTIF(I2:I1001,"2") -> 190
A17: 17 | B17: 40544 | C17: 1 | D17: 0 | E17: 1 | F17: 16 | G17: FALSE | H17: 6 | I17: 2 | J17: 0.42 | K17: 17 | L17: 0.4242 | M17: 0.82 | N17: 0.2985 | O17: 41 | P17: 52 | Q17: 93 | S17: 3 | T17: =SUMIF(Q2:Q1001,"3",I2:I1001) -> 29 | U17: =COUNTIF(I2:I1001,"3") -> 46
A18: 19 | B18: 40544 | C18: 1 | D18: 0 | E18: 1 | F18: 18 | G18: FALSE | H18: 6 | I18: 3 | J18: 0.42 | K18: 19 | L18: 0.4242 | M18: 0.88 | N18: 0.2537 | O18: 9 | P18: 26 | Q18: 35 | S18: 4 | T18: =SUMIF(Q2:Q1001,"4",I2:I1001) -> 11 | U18: =COUNTIF(I2:I1001,"4") -> 1
A19: 20 | B19: 40544 | C19: 1 | D19: 0 | E19: 1 | F19: 19 | G19: FALSE | H19: 6 | I19: 3 | J19: 0.42 | K19: 20 | L19: 0.4242 | M19: 0.88 | N19: 0.2537 | O19: 6 | P19: 31 | Q19: 37
A20: 21 | B20: 40544 | C20: 1 | D20: 0 | E20: 1 | F20: 20 | G20: FALSE | H20: 6 | I20: 2 | J20: 0.4 | K20: 21 | L20: 0.4091 | M20: 0.87 | N20: 0.2537 | O20: 11 | P20: 25 | Q20: 36
A21: 22 | B21: 40544 | C21: 1 | D21: 0 | E21: 1 | F21: 21 | G21: FALSE | H21: 6 | I21: 2 | J21: 0.4 | K21: 22 | L21: 0.4091 | M21: 0.87 | N21: 0.194 | O21: 3 | P21: 31 | Q21: 34
A22: 23 | B22: 40544 | C22: 1 | D22: 0 | E22: 1 | F22: 22 | G22: FALSE | H22: 6 | I22: 2 | J22: 0.4 | K22: 23 | L22: 0.4091 | M22: 0.94 | N22: 0.2239 | O22: 11 | P22: 17 | Q22: 28
A23: 25 | B23: 40545 | C23: 1 | D23: 0 | E23: 1 | F23: 0 | G23: FALSE | H23: 0 | I23: 2 | J23: 0.46 | K23: 25 | L23: 0.4545 | M23: 0.88 | N23: 0.2985 | O23: 4 | P23: 13 | Q23: 17
A24: 26 | B24: 40545 | C24: 1 | D24: 0 | E24: 1 | F24: 1 | G24: FALSE | H24: 0 | I24: 2 | J24: 0.44 | K24: 26 | L24: 0.4394 | M24: 0.94 | N24: 0.2537 | O24: 1 | P24: 16 | Q24: 17
A25: 27 | B25: 40545 | C25: 1 | D25: 0 | E25: 1 | F25: 2 | G25: FALSE | H25: 0 | I25: 2 | J25: 0.42 | K25: 27 | L25: 0.4242 | M25: 1 | N25: 0.2836 | O25: 1 | P25: 8 | Q25: 9
A26: 28 | B26: 40545 | C26: 1 | D26: 0 | E26: 1 | F26: 3 | G26: FALSE | H26: 0 | I26: 2 | J26: 0.46 | K26: 28 | L26: 0.4545 | M26: 0.94 | N26: 0.194 | O26: 2 | P26: 4 | Q26: 6
A27: 30 | B27: 40545 | C27: 1 | D27: 0 | E27: 1 | F27: 6 | G27: FALSE | H27: 0 | I27: 3 | J27: 0.42 | K27: 30 | L27: 0.4242 | M27: 0.77 | N27: 0.2985 | O27: 0 | P27: 2 | Q27: 2
A28: 31 | B28: 40545 | C28: 1 | D28: 0 | E28: 1 | F28: 7 | G28: FALSE | H28: 0 | I28: 2 | J28: 0.4 | K28: 31 | L28: 0.4091 | M28: 0.76 | N28: 0.194 | O28: 0 | P28: 1 | Q28: 1
A29: 32 | B29: 40545 | C29: 1 | D29: 0 | E29: 1 | F29: 8 | G29: FALSE | H29: 0 | I29: 3 | J29: 0.4 | K29: 32 | L29: 0.4091 | M29: 0.71 | N29: 0.2239 | O29: 0 | P29: 8 | Q29: 8
A30: 34 | B30: 40545 | C30: 1 | D30: 0 | E30: 1 | F30: 10 | G30: FALSE | H30: 0 | I30: 2 | J30: 0.36 | K30: 34 | L30: 0.3485 | M30: 0.81 | N30: 0.2239 | O30: 7 | P30: 46 | Q30: 53
... A600: 610 | B600: 40571 | C600: 1 | D600: 0 | E600: 1 | F600: 15 | G600: FALSE | H600: 5 | I600: 2 | J600: 0.2 | K600: 610 | L600: 0.2576 | M600: 0.86 | N600: 0 | O600: 1 | P600: 40 | Q600: 41

Sheet data set merge final
A1: instant | B1: dteday | C1: season | D1: yr | E1: mnth | F1: hr | G1: holiday | H1: weekday | I1: workingday | J1: weathersit | K1: temp | L1: atemp | M1: hum | N1: windspeed | O1: casual | P1: registered | Q1: cnt
A2: 1 | B2: 40544 | C2: 1 | D2: 0 | E2: 1 | F2: 0 | G2: 0 | H2: 6 | I2: 0 | J2: =IF(J2="normal",1,IF(J2="mist",2,IF(J2="rain",3,4))) -> 0 | K2: 0.24 | L2: 0.2879 | M2: 0.81 | N2: 0 | O2: 3 | P2: 13 | Q2: 16
A3: 2 | B3: 40544 | C3: 1 | D3: 0 | E3: 1 | F3: 1 | G3: 0 | H3: 6 | I3: 0 | J3: 1 | K3: 0.22 | L3: 0.2727 | M3: 0.8 | O3: 8 | P3: 32 | Q3: 40
A4: 3 | B4: 40544 | C4: 1 | D4: 0 | E4: 1 | F4: 2 | G4: 0 | H4: 6 | I4: 0 | J4: 1 | K4: 0.22 | L4: 0.2727 | M4: 0.8 | N4: 0 | O4: 5 | P4: 27 | Q4: 32
A5: 4 | B5: 40544 | C5: 1 | D5: 0 | E5: 1 | F5: 3 | G5: 0 | H5: 6 | I5: 0 | J5: 1 | K5: 0.24 | L5: 0.2879 | M5: 0.75 | N5: 0 | O5: 3 | P5: 10 | Q5: 13
A6: 5 | B6: 40544 | C6: 1 | D6: 0 | E6: 1 | F6: 4 | G6: 0 | H6: 6 | I6: 0 | J6: 1 | K6: 0.24 | L6: 0.2879 | M6: 0.75 | N6: 0 | O6: 0 | P6: 1 | Q6: 1
A7: 6 | B7: 40544 | C7: 1 | D7: 0 | E7: 1 | F7: 5 | G7: 0 | H7: 6 | I7: 0 | J7: 2 | K7: 0.24 | L7: 0.2576 | M7: 0.75 | N7: 0.0896 | O7: 0 | P7: 1 | Q7: 1
A8: 7 | B8: 40544 | C8: 1 | D8: 0 | E8: 1 | F8: 6 | G8: 0 | H8: 6 | I8: 0 | J8: 1 | K8: 0.22 | L8: 0.2727 | M8: 0.8 | N8: 0 | O8: 2 | P8: 0 | Q8: 2
A9: 8 | B9: 40544 | C9: 1 | D9: 0 | E9: 1 | F9: 7 | G9: 0 | H9: 6 | I9: 0 | J9: 1 | K9: 0.2 | L9: 0.2576 | M9: 0.86 | N9: 0 | O9: 1 | P9: 2 | Q9: 3
A10: 9 | B10: 40544 | C10: 1 | D10: 0 | E10: 1 | F10: 8 | G10: 0 | H10: 6 | I10: 0 | J10: 1 | K10: 0.24 | L10: 0.303 | M10: 0.75 | N10: 0 | O10: 1 | P10: 7 | Q10: 8
A11: 10 | B11: 40544 | C11: 1 | D11: 0 | E11: 1 | F11: 9 | G11: 0 | H11: 6 | I11: 0 | J11: 1 | K11: 0.32 | L11: 0.3485 | M11: 0.76 | N11: 0 | O11: 8 | P11: 6 | Q11: 14
A12: 11 | B12: 40544 | C12: 1 | D12: 0 | E12: 1 | F12: 10 | G12: 0 | H12: 6 | I12: 0 | J12: 1 | K12: 0.38 | L12: 0.3939 | M12: 0.76 | N12: 0.2537 | O12: 12 | P12: 24 | Q12: 36
A13: 12 | B13: 40544 | C13: 1 | D13: 0 | E13: 1 | F13: 11 | G13: 0 | H13: 6 | I13: 0 | J13: 1 | K13: 0.36 | L13: 0.3333 | M13: 0.81 | N13: 0.2836 | O13: 26 | P13: 30 | Q13: 56
A14: 13 | B14: 40544 | C14: 1 | D14: 0 | E14: 1 | F14: 12 | G14: 0 | H14: 6 | I14: 0 | J14: 1 | K14: 0.42 | L14: 0.4242 | M14: 0.77 | N14: 0.2836 | O14: 29 | P14: 55 | Q14: 84
A15: 14 | B15: 40544 | C15: 1 | D15: 0 | E15: 1 | F15: 13 | G15: 0 | H15: 6 | I15: 0 | J15: 2 | K15: 0.46 | L15: 0.4545 | M15: 0.72 | N15: 0.2985 | O15: 47 | P15: 47 | Q15: 94
... A1001: 1000 | B1001: 40588 | C1001: 1 | D1001: 0 | E1001: 2 | F1001: 7 | G1001: 0 | H1001: 1 | I1001: 1 | J1001: 1 | K1001: 0.34 | L1001: 0.303 | M1001: 0.46 | N1001: 0.2985 | O1001: 2 | P1001: 96 | Q1001: 98
C1048576: =SUM(C2:C1048575) -> 1004
